<?xml version="1.0" encoding="UTF-8"?>
<tns:Request xmlns:xsi="http://www.w3.org/2001/XMLSchema-instance"
    xmlns:tns="http://minpromtorg.smev.ru/epgu/universalorder/1.2.3"
    xmlns:tp="http://minpromtorg.smev.ru/epgu/universalorder/types/1.2.3"
    xsi:schemaLocation="http://minpromtorg.smev.ru/epgu/universalorder/1.2.3 schemas.xsd">
    <tns:CaseNumber>123</tns:CaseNumber>
    <tns:ServiceCode>60044121</tns:ServiceCode>
    <tns:ProcedureCode>-60044121</tns:ProcedureCode>
    <tns:FormData>
        <tp:TradeIP>
            <tp:ApplicantInfo>
                <tp:BusinessmanEntity>
                    <tp:BusinessFullName>ОБЩЕСТВО С ОГРАНИЧЕННОЙ ОТВЕТСТВЕННОСТЬЮ АГЕНТСТВО "ПОЛИЛОГ"</tp:BusinessFullName>
                    <tp:BusinessShortName>ООО АГЕНТСТВО "ПОЛИЛОГ"</tp:BusinessShortName>
                    <tp:INN>7706281123</tp:INN>
                    <tp:OGRNIP>1027706014874</tp:OGRNIP>
                    <tp:ContactInfo>
                        <tp:PhoneNumber>123</tp:PhoneNumber>
                        <tp:Email>hello@gg.ru</tp:Email>
                    </tp:ContactInfo>
                    <tp:LegalAddress>Карпилов</tp:LegalAddress>
                    <tp:MailingAddress>Олег</tp:MailingAddress>
                </tp:BusinessmanEntity>
                <tp:ResponsibleExecutorInfo>
                    <tp:Surname>dwad</tp:Surname>
                    <tp:Name>dwad</tp:Name>
                    <tp:Patronymic>dwad</tp:Patronymic>
                    <tp:PhoneNumber>dwad</tp:PhoneNumber>
                    <tp:Email>dwad@gg.ru</tp:Email>
                </tp:ResponsibleExecutorInfo>
        </tp:ApplicantInfo>
        <tns:RequestInfo>
            <tp:Country>Россия</tp:Country>
            <tp:ServiceType>Запрос</tp:ServiceType>
            <tp:BranchKind>Отрасль</tp:BranchKind>
            <tp:BranchCodeTNVED>12 13 14</tp:BranchCodeTNVEd>
            <tp:ProductGroup>11 11 11</tp:ProductGroup>
            <tp:RequestDescription>очень длинный текст</tp:RequestDescription>
        </tp:RequestInfo>
        <tp:ResultType>ЛК</tp:ResultType>
        </tp:TradeIP>
    </tns:FormData>
    <tns:AppliedDocuments>

    </tns:AppliedDocuments>
</tns:Request>