<?xml version="1.0" encoding="UTF-8"?>
<tns:RequestWrapper xmlns="http://minpromtorg.smev.ru/epgu/licensing/1.2.1"
    xmlns:xsi="http://www.w3.org/2001/XMLSchema-instance"
    xsi:schemaLocation="http://minpromtorg.smev.ru/epgu/licensing/1.2.1 schemasLicensing.xsd"
    xmlns:tns="http://minpromtorg.smev.ru/epgu/licensing/1.2.1">
    <!--Номер
    заявления ЕПГУ-->
    <tns:OrderId>3501148124</tns:OrderId>
    <!--Дата
    и время создания заявления на ЕПГУ-->
    <tns:OrderTimestamp>2024-05-31T12:34:51+03:00</tns:OrderTimestamp>
    <tns:Appeal>
        <!--ЮЛ-->
        <tns:Subjects>
            <tns:Organization>
                <tns:Name>ООО СтройЧиниИнвест</tns:Name>
                <tns:ShortName>ООО СтройЧиниИнвест</tns:ShortName>
                <tns:OGRN>20135276944974</tns:OGRN>
                <tns:INN>8818969209</tns:INN>

                <!--OrgLegalFormCode
                Код типа организации по справочнику ЕРУЛ-->
                <!--OrgLegalFormName
                Наименование организации по справочнику ЕРУЛ-->
                <tns:OrgLegalForm>
                    <tns:OrgLegalFormCode>12300</tns:OrgLegalFormCode>
                    <tns:OrgLegalFormName>Общества с ограниченной ответственностью</tns:OrgLegalFormName>
                </tns:OrgLegalForm>

                <tns:ContactInfo>
                    <tns:Email>g.fatykhova@bars.group</tns:Email>
                    <tns:PhoneNumber>+7(999)9990019</tns:PhoneNumber>
                </tns:ContactInfo>
            </tns:Organization>
        </tns:Subjects>

        <!--Ответственный
        сотрудник-->
        <tns:ResponsibleSubject>
            <LastName>Фамилия</LastName>
            <FirstName>Имя</FirstName>
            <MiddleName>Отчество</MiddleName>
            <ContactInfo>
                <Email>dwwd@gg.ru</Email>
                <PhoneNumber>+7 123 321-31-21</PhoneNumber>
            </ContactInfo>
        </tns:ResponsibleSubject>

        <!--Информация
        о министерстве владельце услуги, а также код региона и наименование региона заявителя-->
        <tns:Unit>
            <tns:CodeEPGU>10000001083</tns:CodeEPGU>
            <tns:Name>Министерство промышленности и торговли Российской Федерации</tns:Name>
            <tns:Region>
                <tns:Code>45000000000</tns:Code>
                <tns:Name>Город Москва столица Российской Федерации город федерального значения</tns:Name>
            </tns:Region>
        </tns:Unit>

        <!--Определяем
        тип заявления (подуслуга)-->
        <!--GET_60033842
        Предоставление лицезнии-->
        <!--CHANGE_60033842
        Внесение изменений в реестр лицензий-->
        <!--CHANGECONTACTS_60033842
        Внесение изменений в контактные данные-->
        <!--STOP_60033842
        Прекращение лицензии. Для этого варианта в Subservices приходит только Code и Title-->
        <tns:Subservices>
            <tns:Code>60033842</tns:Code>
            <tns:Title>Прекращение лицензии</tns:Title>
            <tns:ServiceMnemonic>STOP</tns:ServiceMnemonic>

            <tns:AnyTypeData>


            </tns:AnyTypeData>
        </tns:Subservices>

        <!--Загрузчики-->
        <!--<tns:DocCode>
        мнемоника-->
        <!--<tns:DocName>
        идентификатор документа в компоненте ВКУ-->
        <!--<tns:FileName>
        пользовательское наименование файла вкл. расширение-->
        <!--<tns:IsArchive>
        если в fileName есть .rar, .zip, .7z, .tar, .gz, .arj или .tgz, то true, иначе false-->
        <!--<tns:URI>
        мнемоника + . + расширение пользовательского файла-->
        <!--<tns:FileType>
        mimeType-->
        <!--<tns:Description>
        время создания файла-->
    </tns:Appeal>
</tns:RequestWrapper>